"","playDispNm","blkPerGame","trbPerGame","stlPerGame","toPerGame","astPerGame","ptsPerGame","teamWins","mvpScore"
"1","James Harden",0.701492537313433,5.37313432835821,1.82089552238806,4.29850746268657,8.74626865671642,30.7014925373134,56,93.8029850746269
"2","LeBron James",0.921052631578947,8.6578947368421,1.48684210526316,4.21052631578947,9.06578947368421,27.5657894736842,46,87.7565789473684
"3","Anthony Davis",2.47826086956522,11.1159420289855,1.46376811594203,2.14492753623188,2.31884057971015,28.1159420289855,40,85.4014492753623
"4","Russell Westbrook",0.253333333333333,9.73333333333333,1.82666666666667,4.70666666666667,10.1066666666667,25.4,43,84.368
"5","Giannis Antetokounmpo",1.45070422535211,10.0281690140845,1.43661971830986,2.90140845070423,4.76056338028169,27.2957746478873,38,83.0056338028169
"6","Kevin Durant",1.86885245901639,6.73770491803279,0.737704918032787,3.13114754098361,5.36065573770492,26.2950819672131,45,79.0688524590164
"7","Damian Lillard",0.382352941176471,4.54411764705882,1.05882352941176,2.86764705882353,6.55882352941176,26.6470588235294,42,77.6852941176471
"8","Stephen Curry",0.156862745098039,5.11764705882353,1.56862745098039,3,6.05882352941176,26.3921568627451,41,77.6372549019608
"9","DeMarcus Cousins",1.5625,12.8958333333333,1.6875,5.02083333333333,5.33333333333333,25.2083333333333,27,77.23125
"10","DeMar DeRozan",0.243243243243243,3.89189189189189,1.10810810810811,2.24324324324324,5.17567567567568,23.3243243243243,54,73.0513513513513
"11","Victor Oladipo",0.757142857142857,5.27142857142857,2.24285714285714,2.95714285714286,4.14285714285714,23.2428571428571,45,72.5957142857143
"12","Karl-Anthony Towns",1.45454545454545,12.3636363636364,0.792207792207792,1.98701298701299,2.4025974025974,21.2077922077922,44,71.7545454545455
"13","Joel Embiid",1.77777777777778,10.9365079365079,0.634920634920635,3.6984126984127,3.15873015873016,22.9365079365079,41,71.7
"14","Kyrie Irving",0.283333333333333,3.78333333333333,1.08333333333333,2.31666666666667,5.1,24.4333333333333,41,71.065
"15","LaMarcus Aldridge",1.15942028985507,8.33333333333333,0.507246376811594,1.55072463768116,2.05797101449275,23.1159420289855,42,70.1
"16","Jimmy Butler",0.410714285714286,5.44642857142857,1.94642857142857,1.83928571428571,4.98214285714286,22.1964285714286,34,68.6982142857143
"17","Chris Paul",0.240740740740741,5.55555555555556,1.75925925925926,2.25925925925926,8,18.6481481481481,47,68.1277777777778
"18","Paul George",0.513513513513513,5.66216216216216,2.06756756756757,2.7027027027027,3.40540540540541,21.5675675675676,43,67.8094594594595
"19","Bradley Beal",0.44,4.38666666666667,1.18666666666667,2.66666666666667,4.57333333333333,22.8,41,67.744
"20","Kemba Walker",0.310810810810811,3.21621621621622,1.21621621621622,2.2027027027027,5.67567567567568,23.027027027027,34,66.7459459459459
"21","Lou Williams",0.266666666666667,2.57333333333333,1.08,3,5.37333333333333,22.72,41,65.912
"22","C.J. McCollum",0.44,3.92,0.92,1.82666666666667,3.24,21.7066666666667,46,65.3853333333333
"23","Nikola Jokić",0.782608695652174,10.536231884058,1.14492753623188,2.78260869565217,5.98550724637681,17.8405797101449,38,64.8768115942029
"24","Blake Griffin",0.293103448275862,7.39655172413793,0.706896551724138,2.87931034482759,5.75862068965517,21.4137931034483,28,63.998275862069
"25","Khris Middleton",0.25,5.15789473684211,1.43421052631579,2.32894736842105,3.96052631578947,20.2894736842105,41,63.5434210526316
"26","Ben Simmons",0.824324324324324,8.05405405405405,1.7027027027027,3.44594594594595,8.06756756756757,15.7702702702703,44,63.0810810810811
"27","Jrue Holiday",0.76,4.50666666666667,1.37333333333333,2.68,5.85333333333333,19.0933333333333,42,63.02
"28","Kyle Lowry",0.197183098591549,5.63380281690141,1.12676056338028,2.29577464788732,6.84507042253521,16.6056338028169,53,62.9929577464789
"29","Devin Booker",0.259259259259259,4.51851851851852,0.87037037037037,3.59259259259259,4.68518518518519,24.9259259259259,16,62.7425925925926
"30","Andre Drummond",1.68493150684932,16.013698630137,1.53424657534247,2.61643835616438,3.08219178082192,14.958904109589,34,61.9041095890411
"31","Klay Thompson",0.515151515151515,3.84848484848485,0.712121212121212,1.71212121212121,2.66666666666667,19.6969696969697,51,61.8409090909091
"32","Kristaps Porziņģis",2.39583333333333,6.58333333333333,0.75,1.9375,1.1875,22.6666666666667,22,61.7375
"33","Donovan Mitchell",0.356164383561644,3.61643835616438,1.49315068493151,2.73972602739726,3.64383561643836,20.3150684931507,41,61.4219178082192
"34","Clint Capela",1.88405797101449,10.9130434782609,0.753623188405797,1.46376811594203,0.971014492753623,13.9565217391304,59,59.5521739130435
"35","John Wall",1.13513513513514,3.51351351351351,1.32432432432432,3.62162162162162,9.27027027027027,19.3513513513514,21,59.4756756756757
"36","Eric Bledsoe",0.558823529411765,3.82352941176471,2.02941176470588,2.95588235294118,4.85294117647059,17.6176470588235,37,57.6617647058824
"37","Tobias Harris",0.445945945945946,5.41891891891892,0.851351351351351,1.24324324324324,2.2972972972973,18.5540540540541,38,57.5959459459459
"38","Eric Gordon",0.393939393939394,2.48484848484848,0.651515151515151,1.93939393939394,2.24242424242424,18.3333333333333,53,57.3075757575758
"39","Dwight Howard",1.62666666666667,12.3466666666667,0.586666666666667,2.64,1.30666666666667,16.6933333333333,33,57.0093333333333
"40","Andrew Wiggins",0.649350649350649,4.23376623376623,1.1038961038961,1.74025974025974,1.87012987012987,17.9220779220779,44,56.6220779220779
"41","Kevin Love",0.407407407407407,9.2037037037037,0.703703703703704,1.53703703703704,1.74074074074074,17.537037037037,33,56.4481481481481
"42","Tyreke Evans",0.326923076923077,5.09615384615385,1.09615384615385,2.25,5.17307692307692,19.4230769230769,19,55.9980769230769
"43","Goran Dragić",0.169014084507042,4,0.830985915492958,2.1830985915493,4.85915492957746,17.4225352112676,38,55.5366197183099
"44","Dennis Schröder",0.0895522388059701,3.1044776119403,1.08955223880597,2.73134328358209,6.23880597014925,19.4179104477612,21,55.044776119403
"45","Gary Harris",0.230769230769231,2.67692307692308,1.86153846153846,1.8,2.96923076923077,17.6615384615385,36,54.7153846153846
"46","Marc Gasol",1.42857142857143,8.22857142857143,0.728571428571429,2.68571428571429,4.15714285714286,17.5857142857143,20,54.27
"47","Jusuf Nurkic",1.41095890410959,8.71232876712329,0.821917808219178,2.32876712328767,1.80821917808219,14.3561643835616,46,53.9013698630137
"48","Draymond Green",1.38095238095238,7.85714285714286,1.36507936507937,2.76190476190476,7.3015873015873,11.2857142857143,44,53.5968253968254
"49","Will Barton",0.64,4.88,1.02666666666667,1.86666666666667,4.06666666666667,15.2,41,53.2213333333333
"50","Otto Porter",0.492957746478873,6.42253521126761,1.57746478873239,0.957746478873239,2.09859154929577,14.6338028169014,40,53.1802816901408
"51","Aaron Gordon",0.788461538461538,8.34615384615385,0.942307692307692,1.80769230769231,2.38461538461538,18.1923076923077,16,53.1788461538462
"52","Carmelo Anthony",0.643835616438356,5.80821917808219,0.63013698630137,1.28767123287671,1.3013698630137,16.3013698630137,42,53.1205479452055
"53","DeAndre Jordan",0.929577464788732,15.3802816901408,0.535211267605634,1.83098591549296,1.53521126760563,12.2535211267606,38,53.0929577464789
"54","Jamal Murray",0.346666666666667,3.69333333333333,1,2.14666666666667,3.25333333333333,16.5333333333333,41,53.0346666666667
"55","Harrison Barnes",0.191780821917808,6.23287671232877,0.684931506849315,1.53424657534247,1.98630136986301,18.7534246575342,23,52.9493150684931
"56","Dario Saric",0.283783783783784,6.83783783783784,0.689189189189189,1.97297297297297,2.60810810810811,14.9324324324324,45,52.8337837837838
"57","Nikola Vučević",1.05769230769231,9.19230769230769,0.980769230769231,2.01923076923077,3.28846153846154,17.0961538461538,15,52.7211538461538
"58","Al Horford",1.13432835820896,7.38805970149254,0.552238805970149,1.91044776119403,4.88059701492537,12.7761194029851,46,52.7089552238806
"59","T.J. Warren",0.630769230769231,5.10769230769231,1,1.29230769230769,1.30769230769231,19.5538461538462,18,52.5646153846154
"60","Julius Randle",0.586666666666667,8.04,0.546666666666667,2.56,2.48,16.2666666666667,33,52.2213333333333
"61","Steven Adams",1.09859154929577,9.05633802816901,1.25352112676056,1.61971830985915,1.14084507042254,13.9718309859155,39,52.1070422535211
"62","Rudy Gobert",2.3,10.78,0.8,1.82,1.34,13.86,32,51.664
"63","MarShon Brooks",0.5,1,1.5,1,2,22.5,1,51.45
"64","Jayson Tatum",0.76,5.09333333333333,0.946666666666667,1.45333333333333,1.53333333333333,13.72,52,51.1666666666667
"65","Jonas Valančiūnas",0.901408450704225,8.53521126760563,0.408450704225352,1.53521126760563,1.09859154929577,12.6901408450704,53,51.1323943661972
"66","Jeff Teague",0.318181818181818,2.98484848484848,1.45454545454545,2.54545454545455,7.01515151515152,13.8333333333333,38,51.0787878787879
"67","Hassan Whiteside",1.6875,11.6458333333333,0.791666666666667,1.85416666666667,1.02083333333333,14.125,27,50.5041666666667
"68","J.J. Redick",0.078125,2.578125,0.515625,1.484375,3,16.5625,39,50.4859375
"69","Kyle Kuzma",0.452054794520548,6.36986301369863,0.63013698630137,1.72602739726027,1.87671232876712,16.041095890411,33,50.4342465753425
"70","Brandon Ingram",0.728813559322034,5.33898305084746,0.76271186440678,2.54237288135593,3.89830508474576,16.0847457627119,27,49.7186440677966
"71","Jaylen Brown",0.359375,5.171875,0.984375,1.734375,1.65625,14.203125,45,49.6078125
"72","Ricky Rubio",0.140845070422535,4.54929577464789,1.61971830985915,2.8169014084507,5.42253521126761,12.7605633802817,39,48.7633802816901
"73","Thaddeus Young",0.473684210526316,6.30263157894737,1.65789473684211,1.31578947368421,1.89473684210526,11.9736842105263,45,48.7315789473684
"74","Robert Covington",0.794520547945205,5.28767123287671,1.56164383561644,1.65753424657534,1.91780821917808,12.7534246575342,44,48.6931506849315
"75","Enes Kanter",0.52112676056338,10.9859154929577,0.507042253521127,1.71830985915493,1.47887323943662,14.0845070422535,27,48.6549295774648
"76","Tim Hardaway Jr.",0.185185185185185,3.88888888888889,1.09259259259259,1.61111111111111,2.68518518518519,17.537037037037,18,48.35
"77","Evan Fournier",0.280701754385965,3.14035087719298,0.824561403508772,1.66666666666667,2.89473684210526,17.7719298245614,20,48.3350877192982
"78","Nikola Mirotić",0.693877551020408,6.95918367346939,0.775510204081633,1.20408163265306,1.48979591836735,14.8163265306122,29,48.1122448979592
"79","Serge Ibaka",1.28571428571429,6.18571428571429,0.385714285714286,1.15714285714286,0.785714285714286,12.4428571428571,50,47.7985714285714
"80","Trevor Ariza",0.206349206349206,4.50793650793651,1.47619047619048,0.825396825396825,1.63492063492063,11.9365079365079,49,47.6539682539683
"81","Terry Rozier",0.213333333333333,4.61333333333333,1,0.933333333333333,2.70666666666667,11.36,52,47.5746666666667
"82","Josh Richardson",0.893333333333333,3.42666666666667,1.50666666666667,1.76,2.85333333333333,13.04,41,47.4773333333333
"83","Taj Gibson",0.688311688311688,7.05194805194805,0.779220779220779,1.1038961038961,1.24675324675325,12.2857142857143,44,47.4753246753247
"84","Myles Turner",1.91525423728814,6.69491525423729,0.576271186440678,1.49152542372881,1.42372881355932,13.271186440678,36,47.1966101694915
"85","Austin Rivers",0.267857142857143,2.48214285714286,1.21428571428571,1.75,3.78571428571429,15.25,29,47.1857142857143
"86","Bojan Bogdanović",0.0933333333333333,3.34666666666667,0.706666666666667,1.32,1.53333333333333,14.2533333333333,44,47.028
"87","Darren Collison",0.238095238095238,2.6031746031746,1.3968253968254,1.28571428571429,5.41269841269841,12.4761904761905,36,46.7587301587302
"88","Derrick Favors",1.04225352112676,7.16901408450704,0.732394366197183,1.19718309859155,1.36619718309859,12.1267605633803,41,46.6521126760563
"89","Joe Ingles",0.223684210526316,4.26315789473684,1.10526315789474,1.96052631578947,4.57894736842105,11.5789473684211,43,46.2289473684211
"90","Kentavious Caldwell-Pope",0.194029850746269,5.46268656716418,1.50746268656716,1.3134328358209,2.2089552238806,13.5522388059701,29,46.0029850746269
"91","Rondae Hollis-Jefferson",0.655737704918033,6.70491803278689,0.901639344262295,1.73770491803279,2.44262295081967,14.4426229508197,22,45.7655737704918
"92","Kris Dunn",0.538461538461538,4.23076923076923,2,2.88461538461538,5.96153846153846,13.4423076923077,19,45.6461538461538
"93","Paul Millsap",1.09375,6.25,1.15625,1.9375,2.71875,14.75,17,45.540625
"94","Dennis Smith",0.230769230769231,3.69230769230769,0.984615384615385,2.81538461538462,5,15.2153846153846,21,45.54
"95","Lauri Markkanen",0.619047619047619,7.55555555555556,0.571428571428571,1.23809523809524,1.15873015873016,14.8571428571429,21,45.4079365079365
"96","Pau Gasol",1.05633802816901,8.14084507042254,0.309859154929577,1.45070422535211,3.15492957746479,10.4084507042254,42,45.3718309859155
"97","Domantas Sabonis",0.411764705882353,7.86764705882353,0.485294117647059,1.89705882352941,2.07352941176471,11.5294117647059,42,45.2661764705882
"98","Jordan Clarkson",0.0666666666666667,2.81333333333333,0.693333333333333,1.62666666666667,2.84,14.24,36,45.2106666666667
"99","Kawhi Leonard",1,4.66666666666667,2,1.77777777777778,2.33333333333333,16.2222222222222,5,44.8777777777778
"100","Lonzo Ball",0.807692307692308,6.90384615384615,1.67307692307692,2.61538461538462,7.23076923076923,10.1538461538462,24,44.6057692307692
"101","DeMarre Carroll",0.428571428571429,6.7,0.842857142857143,1.38571428571429,2.02857142857143,13.7142857142857,24,44.4671428571429
"102","D'Angelo Russell",0.365853658536585,4,0.707317073170732,3,5.14634146341463,16.0975609756098,12,44.3634146341463
"103","Jeremy Lamb",0.413333333333333,4.18666666666667,0.76,1.17333333333333,2.36,13.1066666666667,34,44.1853333333333
"104","Mike Conley",0.25,2.25,1,1.5,4.08333333333333,17.0833333333333,7,44.1666666666667
"105","Spencer Dinwiddie",0.324324324324324,3.25675675675676,0.851351351351351,1.55405405405405,6.51351351351351,12.7027027027027,24,44.0959459459459
"106","Zach LaVine",0.166666666666667,3.95833333333333,1,1.79166666666667,3,16.7083333333333,9,43.9916666666667
"107","Marcus Morris",0.204081632653061,5.46938775510204,0.63265306122449,1.06122448979592,1.26530612244898,13.4081632653061,32,43.7897959183674
"108","Kelly Oubre Jr.",0.432432432432432,4.58108108108108,0.945945945945946,1.05405405405405,1.2027027027027,12.027027027027,41,43.7216216216216
"109","E'Twaun Moore",0.131578947368421,2.97368421052632,0.934210526315789,1.26315789473684,2.25,12.1578947368421,43,43.6539473684211
"110","Kelly Olynyk",0.485714285714286,5.62857142857143,0.857142857142857,1.95714285714286,2.74285714285714,11.4571428571429,39,43.6428571428571
"111","Zach Randolph",0.169491525423729,6.72881355932203,0.711864406779661,1.96610169491525,2.15254237288136,14.5254237288136,18,43.2101694915254
"112","Nicolas Batum",0.362068965517241,4.82758620689655,1.08620689655172,1.96551724137931,5.5,11.7931034482759,25,43.0155172413793
"113","Brook Lopez",1.41791044776119,3.97014925373134,0.417910447761194,1.35820895522388,1.76119402985075,13.2537313432836,32,42.9402985074627
"114","Rodney Hood",0.214285714285714,2.82142857142857,0.714285714285714,1.25,1.57142857142857,15.0178571428571,26,42.9
"115","Reggie Jackson",0.0789473684210526,2.78947368421053,0.552631578947368,2.34210526315789,5.10526315789474,14.2631578947368,23,42.8815789473684
"116","Bobby Portis",0.283582089552239,6.80597014925373,0.671641791044776,1.34328358208955,1.74626865671642,13.1492537313433,23,42.3164179104478
"117","Markieff Morris",0.545454545454545,5.72727272727273,0.787878787878788,1.74242424242424,1.92424242424242,11.6515151515152,35,42.1060606060606
"118","James Johnson",0.691176470588235,4.95588235294118,0.955882352941177,1.92647058823529,3.83823529411765,10.6764705882353,35,41.9926470588235
"119","Willie Cauley-Stein",0.895522388059702,6.85074626865672,1.1044776119403,1.50746268656716,2.32835820895522,12.3283582089552,20,41.9283582089552
"120","Dwyane Wade",0.67741935483871,3.82258064516129,0.919354838709677,2.06451612903226,3.40322580645161,11.5645161290323,35,41.85
"121","Tyler Johnson",0.454545454545455,3.36363636363636,0.833333333333333,1.10606060606061,2.28787878787879,11.9242424242424,36,41.8015151515151
"122","Taurean Prince",0.539473684210526,4.81578947368421,1.03947368421053,2.28947368421053,2.44736842105263,13.75,21,41.7355263157895
"123","Marcus Smart",0.425925925925926,3.5,1.31481481481481,2.38888888888889,4.7962962962963,10.1851851851852,38,41.6092592592593
"124","Malcolm Brogdon",0.282608695652174,3.30434782608696,0.891304347826087,1.41304347826087,3.23913043478261,13.2608695652174,24,41.55
"125","Al-Farouq Aminu",0.555555555555556,7.53968253968254,1.14285714285714,1.0952380952381,1.23809523809524,9.49206349206349,38,41.2793650793651
"126","Elfrid Payton",0.349206349206349,4.34920634920635,1.3015873015873,2.66666666666667,6.23809523809524,12.6507936507937,13,41.1793650793651
"127","Ryan Anderson",0.328125,5.109375,0.375,0.671875,0.9375,9.609375,51,41.1375
"128","Kent Bazemore",0.692307692307692,3.8,1.53846153846154,2.41538461538462,3.50769230769231,12.8615384615385,19,40.7646153846154
"129","Fred VanVleet",0.257142857142857,2.48571428571429,0.942857142857143,0.971428571428571,3.15714285714286,8.74285714285714,52,40.62
"130","Danilo Gallinari",0.333333333333333,4.52380952380952,0.571428571428571,1.19047619047619,1.95238095238095,14.952380952381,12,40.5904761904762
"131","Buddy Hield",0.283783783783784,3.82432432432432,0.959459459459459,1.51351351351351,1.85135135135135,13.3243243243243,24,40.5689189189189
"132","Rajon Rondo",0.169491525423729,3.91525423728814,1.01694915254237,2.20338983050847,7.91525423728814,8.16949152542373,36,40.4169491525424
"133","Ishmael Smith",0.226666666666667,2.77333333333333,0.786666666666667,1.32,4.29333333333333,10.76,35,40.3973333333333
"134","Jonathon Simmons",0.246376811594203,3.47826086956522,0.826086956521739,2.11594202898551,2.47826086956522,13.9420289855072,21,40.2434782608696
"135","Avery Bradley",0.173913043478261,2.52173913043478,1.10869565217391,2.19565217391304,2.04347826086957,14.2608695652174,22,40.1847826086957
"136","Lance Stephenson",0.171052631578947,4.97368421052632,0.592105263157895,1.67105263157895,2.81578947368421,9.38157894736842,45,40.1434210526316
"137","Dion Waiters",0.3,2.56666666666667,0.733333333333333,2.33333333333333,3.76666666666667,14.3,16,39.6733333333333
"138","Caris LeVert",0.307692307692308,3.66153846153846,1.10769230769231,2.15384615384615,4.06153846153846,12.1230769230769,22,39.6523076923077
"139","Dirk Nowitzki",0.56,5.69333333333333,0.56,0.68,1.57333333333333,12.0533333333333,23,39.62
"140","Marcin Gortat",0.746666666666667,7.64,0.493333333333333,1.21333333333333,1.86666666666667,8.50666666666667,41,39.6186666666667
"141","Wilson Chandler",0.536231884057971,5.30434782608696,0.594202898550725,1.30434782608696,2.21739130434783,10.1014492753623,37,39.6057971014493
"142","Michael Beasley",0.579710144927536,5.69565217391304,0.449275362318841,1.95652173913043,1.63768115942029,13.0289855072464,22,39.5840579710145
"143","Pascal Siakam",0.513513513513513,4.52702702702703,0.756756756756757,0.837837837837838,1.93243243243243,7.40540540540541,55,39.4054054054054
"144","Jeff Green",0.402777777777778,3.20833333333333,0.527777777777778,0.944444444444444,1.30555555555556,10.6111111111111,43,39.3805555555556
"145","Rudy Gay",0.647058823529412,5.11764705882353,0.745098039215686,1.43137254901961,1.27450980392157,11.078431372549,33,39.3470588235294
"146","Wesley Matthews",0.253968253968254,3.14285714285714,1.20634920634921,1.33333333333333,2.73015873015873,12.7301587301587,20,39.3079365079365
"147","Isaiah Thomas",0.0909090909090909,2.03030303030303,0.454545454545455,2.87878787878788,4.63636363636364,14.7272727272727,15,39.230303030303
"148","Jose Barea",0.0447761194029851,2.94029850746269,0.507462686567164,2.08955223880597,6.35820895522388,11.6716417910448,22,39.2179104477612
"149","Wayne Ellington",0.0845070422535211,2.90140845070423,0.661971830985915,0.71830985915493,1.08450704225352,11.2535211267606,39,39.1549295774648
"150","Jae Crowder",0.243243243243243,3.47297297297297,0.72972972972973,0.932432432432432,1.22972972972973,9.59459459459459,47,39.0405405405405
"151","P.J. Tucker",0.302631578947368,5.47368421052632,1.01315789473684,0.894736842105263,0.894736842105263,6.13157894736842,62,38.9697368421053
"152","Justin Holiday",0.462686567164179,4.14925373134328,1.07462686567164,1.29850746268657,2.07462686567164,12.1194029850746,22,38.8537313432836
"153","Courtney Lee",0.208333333333333,2.93055555555556,1.08333333333333,1.15277777777778,2.43055555555556,11.9305555555556,26,38.825
"154","Dejounte Murray",0.373333333333333,5.6,1.14666666666667,1.65333333333333,2.89333333333333,7.76,44,38.8186666666667
"155","Kyle Anderson",0.764705882352941,5.5,1.54411764705882,1.35294117647059,2.75,7.92647058823529,38,38.7455882352941
"156","Allen Crabbe",0.434782608695652,4.28985507246377,0.608695652173913,1.05797101449275,1.53623188405797,12.6666666666667,21,38.331884057971
"157","C.J. Miles",0.301587301587302,2.0952380952381,0.571428571428571,0.492063492063492,0.73015873015873,10.2063492063492,46,38.2095238095238
"158","Trey Lyles",0.470588235294118,4.80882352941176,0.441176470588235,0.867647058823529,1.25,10.3235294117647,36,38.2
"159","Montrezl Harrell",0.671428571428571,3.95714285714286,0.457142857142857,0.871428571428571,0.842857142857143,10.5714285714286,38,38.1885714285714
"160","John Henson",1.44285714285714,6.85714285714286,0.528571428571429,1.17142857142857,1.44285714285714,8.75714285714286,36,38.1557142857143
"161","Patrick Mills",0.144736842105263,1.88157894736842,0.684210526315789,1.28947368421053,2.73684210526316,9.80263157894737,44,38.1421052631579
"162","Ersan Ilyasova",0.370967741935484,5.56451612903226,0.919354838709677,1.01612903225806,1.24193548387097,10.5322580645161,29,38.0854838709677
"163","Cory Joseph",0.223684210526316,3.34210526315789,1.01315789473684,1.01315789473684,3.15789473684211,7.98684210526316,45,37.9434210526316
"164","Larry Nance Jr.",0.583333333333333,7.03333333333333,1.41666666666667,0.816666666666667,1.33333333333333,9.01666666666667,28,37.9283333333333
"165","Frank Kaminsky",0.287671232876712,3.61643835616438,0.479452054794521,0.808219178082192,1.6027397260274,10.972602739726,33,37.8054794520548
"166","Jamal Crawford",0.0933333333333333,1.2,0.533333333333333,1.18666666666667,2.32,10.6266666666667,42,37.7333333333333
"167","Bogdan Bogdanovic",0.222222222222222,2.81944444444444,0.930555555555556,1.59722222222222,3.30555555555556,11.75,23,37.6319444444444
"168","Josh Jackson",0.432432432432432,4.48648648648649,1,1.86486486486486,1.51351351351351,12.7027027027027,18,37.6027027027027
"169","Delon Wright",0.5,2.74193548387097,1.04838709677419,1.14516129032258,2.87096774193548,8.17741935483871,45,37.5790322580645
"170","Denzel Valentine",0.157894736842105,5.15789473684211,0.855263157894737,1.27631578947368,3.17105263157895,10.2368421052632,25,37.5302631578947
"171","Marco Belinelli",0.10958904109589,1.79452054794521,0.767123287671233,1.04109589041096,1.82191780821918,11.5342465753425,32,37.2739726027397
"172","Jeremy Lin",0,0,0,3,4,18,0,37.2
"173","Shabazz Napier",0.205882352941176,2.25,1.13235294117647,1.25,2.08823529411765,8.80882352941176,44,36.8838235294118
"174","Gerald Green",0.342857142857143,3.05714285714286,0.571428571428571,0.571428571428571,0.6,11.5142857142857,30,36.7771428571429
"175","Reggie Bullock",0.220338983050847,2.42372881355932,0.76271186440678,0.779661016949153,1.54237288135593,11.2203389830508,30,36.7542372881356
"176","Jakob Pöltl",1.30666666666667,4.76,0.44,1,0.733333333333333,6.72,55,36.6986666666667
"177","Robin Lopez",0.841269841269841,4.55555555555556,0.222222222222222,1.66666666666667,1.92063492063492,11.9047619047619,22,36.6222222222222
"178","J.R. Smith",0.135135135135135,2.94594594594595,0.878378378378378,1,1.81081081081081,8.31081081081081,45,36.195945945946
"179","De'Aaron Fox",0.253731343283582,2.55223880597015,0.955223880597015,2.35820895522388,4.26865671641791,11.2835820895522,21,36.1626865671642
"180","Danny Green",1.171875,3.578125,0.875,1.03125,1.5625,8.8125,37,36.125
"181","Evan Turner",0.356164383561644,3.15068493150685,0.547945205479452,1.24657534246575,2.21917808219178,8.10958904109589,46,35.9534246575342
"182","Luc Richard Mbah a Moute",0.464285714285714,3.125,1,1.17857142857143,0.928571428571429,7.67857142857143,49,35.6464285714286
"183","John Collins",1.08823529411765,7.17647058823529,0.617647058823529,1.38235294117647,1.16176470588235,10.3529411764706,18,35.5264705882353
"184","Jerami Grant",0.894736842105263,3.98684210526316,0.381578947368421,0.723684210526316,0.723684210526316,8.21052631578947,44,35.3802631578947
"185","George Hill",0.384615384615385,2.73846153846154,0.892307692307692,1.33846153846154,2.8,10.1230769230769,27,35.2753846153846
"186","David West",1.07575757575758,3.34848484848485,0.621212121212121,1.12121212121212,1.84848484848485,7.01515151515152,48,35.1560606060606
"187","Patrick Beverley",0.454545454545455,4.09090909090909,1.72727272727273,2.27272727272727,2.90909090909091,12.1818181818182,5,35.1454545454545
"188","Andre Iguodala",0.603174603174603,3.84126984126984,0.857142857142857,1.06349206349206,3.26984126984127,6.03174603174603,46,34.9269841269841
"189","Marvin Williams",0.458333333333333,4.77777777777778,0.722222222222222,0.861111111111111,1.13888888888889,9.19444444444444,31,34.9194444444444
"190","Kyle Korver",0.376811594202899,2.21739130434783,0.391304347826087,0.710144927536232,1.21739130434783,9.40579710144928,40,34.9144927536232
"191","Milos Teodosic",0.111111111111111,2.8,0.511111111111111,2.15555555555556,4.64444444444444,9.53333333333333,29,34.84
"192","T.J. McConnell",0.159420289855072,3.08695652173913,1.23188405797101,1.6231884057971,4.08695652173913,6.40579710144928,43,34.7478260869565
"193","Yogi Ferrell",0.105263157894737,3.21052631578947,0.815789473684211,1,2.40789473684211,10.4473684210526,23,34.6763157894737
"194","Michael Kidd-Gilchrist",0.441176470588235,4.14705882352941,0.676470588235294,0.661764705882353,0.985294117647059,9.20588235294118,32,34.5441176470588
"195","Greg Monroe",0.477272727272727,6.75,0.795454545454545,1.86363636363636,2.02272727272727,9.93181818181818,18,34.5113636363636
"196","JaMychal Green",0.454545454545455,8.45454545454546,0.581818181818182,1.41818181818182,1.43636363636364,10.3454545454545,11,34.26
"197","Dewayne Dedmon",0.789473684210526,7.82456140350877,0.684210526315789,1.43859649122807,1.3859649122807,9.78947368421053,15,34.2035087719298
"198","Trey Burke",0.133333333333333,1.76666666666667,0.6,1.1,4.06666666666667,12.4,8,34.04
"199","Mason Plumlee",1.10294117647059,5.55882352941176,0.691176470588235,1.45588235294118,2,7.23529411764706,35,33.875
"200","Tomáš Satoranský",0.181818181818182,3,0.742424242424242,1.10606060606061,3.92424242424242,7.09090909090909,37,33.5530303030303
"201","Ed Davis",0.684210526315789,7.38157894736842,0.407894736842105,0.828947368421053,0.526315789473684,5.39473684210526,47,33.5302631578947
"202","Joe Harris",0.246575342465753,3.38356164383562,0.452054794520548,1.13698630136986,1.56164383561644,10.5753424657534,24,33.5301369863014
"203","Manu Ginóbili",0.266666666666667,2.13333333333333,0.666666666666667,1.56666666666667,2.45,8.76666666666667,36,33.3266666666667
"204","Aron Baynes",0.635135135135135,5.28378378378378,0.243243243243243,1,1.09459459459459,5.68918918918919,51,33.2702702702703
"205","Justise Winslow",0.5,5.43548387096774,0.774193548387097,1.11290322580645,2.14516129032258,7.51612903225806,30,32.9870967741935
"206","Nick Young",0.0958904109589041,1.45205479452055,0.479452054794521,0.534246575342466,0.452054794520548,7.36986301369863,52,32.8917808219178
"207","D.J. Augustin",0,2.14705882352941,0.75,1.61764705882353,3.86764705882353,10.1029411764706,20,32.7779411764706
"208","Stanley Johnson",0.209677419354839,3.67741935483871,1.30645161290323,1.09677419354839,1.5,8.33870967741935,29,32.7532258064516
"209","Raymond Felton",0.155844155844156,1.90909090909091,0.61038961038961,0.909090909090909,2.53246753246753,7.05194805194805,44,32.7207792207792
"210","Jabari Parker",0.4,4.04,0.68,1.2,1.88,10.96,13,32.64
"211","Emmanuel Mudiay",0.147540983606557,2.40983606557377,0.672131147540984,1.75409836065574,3.31147540983607,8.9672131147541,28,32.3065573770492
"212","Tyrone Wallace",0.458333333333333,3.70833333333333,0.916666666666667,1.29166666666667,2.33333333333333,9.91666666666667,16,32.1583333333333
"213","Mike Scott",0.144927536231884,3.14492753623188,0.318840579710145,1.07246376811594,1,8.52173913043478,37,32.0797101449275
"214","Darius Miller",0.210526315789474,2,0.302631578947368,0.723684210526316,1.35526315789474,7.72368421052632,43,32.0118421052632
"215","Dillon Brooks",0.210526315789474,3.01315789473684,0.828947368421053,1.43421052631579,1.44736842105263,10.1710526315789,21,31.7881578947368
"216","Dwight Powell",0.378378378378378,5.58108108108108,0.824324324324324,0.743243243243243,1.09459459459459,8.36486486486486,22,31.6067567567568
"217","Jarrett Jack",0.0689655172413793,3.08620689655172,0.603448275862069,1.94827586206897,5.74137931034483,7.55172413793103,24,31.398275862069
"218","Bam Adebayo",0.615384615384615,5.53846153846154,0.446153846153846,0.953846153846154,1.50769230769231,6.96923076923077,32,31.3830769230769
"219","Zaza Pachulia",0.21875,4.796875,0.5625,1.09375,1.640625,5.59375,44,31.353125
"220","Jerian Grant",0.102941176470588,2.45588235294118,0.764705882352941,1.19117647058824,4.67647058823529,8.08823529411765,22,31.2764705882353
"221","Tony Parker",0.0204081632653061,1.83673469387755,0.571428571428571,1.26530612244898,3.77551020408163,8.10204081632653,29,31.0877551020408
"222","Alex Len",0.907692307692308,7.46153846153846,0.415384615384615,1.10769230769231,1.10769230769231,8.16923076923077,18,31.0630769230769
"223","Gorgui Dieng",0.486486486486487,4.52702702702703,0.581081081081081,0.756756756756757,0.905405405405405,5.93243243243243,42,30.9932432432432
"224","Nemanja Bjelica",0.225806451612903,4.03225806451613,0.693548387096774,0.790322580645161,1.2741935483871,6.96774193548387,35,30.8693548387097
"225","Anthony Tolliver",0.263888888888889,2.88888888888889,0.361111111111111,0.708333333333333,1.11111111111111,8.125,33,30.6166666666667
"226","Andrew Harrison",0.464285714285714,2.33928571428571,0.678571428571429,1.44642857142857,3.16071428571429,9.51785714285714,17,30.5571428571429
"227","Alec Burks",0.131147540983607,3.01639344262295,0.622950819672131,0.918032786885246,1.04918032786885,7.80327868852459,34,30.544262295082
"228","Nenê",0.285714285714286,3.36734693877551,0.551020408163265,0.775510204081633,0.897959183673469,6.71428571428571,40,30.4959183673469
"229","Tony Snell",0.347826086956522,1.88405797101449,0.63768115942029,0.521739130434783,1.30434782608696,7.01449275362319,39,30.3666666666667
"230","Mario Hezonja",0.367647058823529,3.58823529411765,1.04411764705882,1.13235294117647,1.30882352941176,9.19117647058824,18,30.3514705882353
"231","Kyle O'Quinn",1.16901408450704,5.69014084507042,0.47887323943662,1.29577464788732,2.01408450704225,6.84507042253521,26,30.312676056338
"232","Damion Lee",0.111111111111111,4.11111111111111,1.44444444444444,0.666666666666667,1.88888888888889,10.4444444444444,1,30.2
"233","Devin Harris",0.184615384615385,1.83076923076923,0.738461538461539,1.07692307692308,2.12307692307692,8.4,28,30.1692307692308
"234","Ian Clark",0.142857142857143,1.71428571428571,0.4,0.771428571428571,1.42857142857143,7.22857142857143,40,30.0228571428571
"235","OG Anunoby",0.164179104477612,2.35820895522388,0.746268656716418,0.611940298507463,0.791044776119403,5.73134328358209,47,30.0164179104478
"236","Tyus Jones",0.0649350649350649,1.67532467532468,1.11688311688312,0.714285714285714,2.79220779220779,4.96103896103896,44,29.9246753246753
"237","Daniel Theis",0.746031746031746,4.34920634920635,0.476190476190476,0.888888888888889,0.888888888888889,5.25396825396825,44,29.8984126984127
"238","David Nwaba",0.4375,4.5,0.828125,1.046875,1.359375,7.734375,24,29.8859375
"239","Bryn Forbes",0.027027027027027,1.40540540540541,0.337837837837838,0.5,1.01351351351351,6.97297297297297,43,29.6716216216216
"240","Skal Labissière",0.827586206896552,4.70689655172414,0.413793103448276,1.13793103448276,1.18965517241379,8.77586206896552,18,29.5
"241","Moe Harkless",0.728813559322034,2.74576271186441,0.813559322033898,0.677966101694915,0.898305084745763,6.52542372881356,36,29.4610169491525
"242","Shaun Livingston",0.287878787878788,1.81818181818182,0.484848484848485,0.833333333333333,1.90909090909091,5.56060606060606,46,29.4333333333333
"243","Garrett Temple",0.4,2.32307692307692,0.907692307692308,1.23076923076923,1.90769230769231,8.41538461538462,23,29.3538461538461
"244","Kosta Koufos",0.450704225352113,6.64788732394366,0.676056338028169,0.690140845070423,1.22535211267606,6.71830985915493,22,29.3323943661972
"245","Jarrett Allen",1.03076923076923,5.38461538461539,0.4,1.12307692307692,0.707692307692308,8.03076923076923,21,29.1984615384615
"246","Mike James",0.194444444444444,2.5,0.777777777777778,1.38888888888889,3.5,9.33333333333333,11,28.9833333333333
"247","Thabo Sefolosha",0.315789473684211,4.23684210526316,1.34210526315789,0.789473684210526,0.868421052631579,8.21052631578947,16,28.9552631578947
"248","Norman Powell",0.238095238095238,1.65079365079365,0.507936507936508,0.968253968253968,1.3015873015873,5.6984126984127,47,28.9539682539683
"249","Trevor Booker",0.32258064516129,4.69354838709677,0.403225806451613,0.919354838709677,1.20967741935484,6.30645161290323,33,28.8048387096774
"250","Joe Johnson",0.142857142857143,3.18367346938776,0.36734693877551,0.918367346938776,1.57142857142857,7.10204081632653,32,28.7591836734694
"251","Jordan Bell",1.08,3.72,0.68,0.9,1.9,4.74,39,28.744
"252","Wes Johnson",0.898550724637681,3.04347826086957,1.07246376811594,0.768115942028985,0.811594202898551,5.56521739130435,37,28.6913043478261
"253","Pat Connaughton",0.276315789473684,1.94736842105263,0.276315789473684,0.539473684210526,1.13157894736842,5.47368421052632,47,28.6171052631579
"254","Omri Casspi",0.358490566037736,3.77358490566038,0.339622641509434,0.69811320754717,0.962264150943396,5.66037735849057,40,28.5509433962264
"255","Dāvis Bertāns",0.402777777777778,2.09722222222222,0.375,0.486111111111111,1,6.16666666666667,40,28.3125
"256","Cameron Payne",0.421052631578947,2.63157894736842,1.10526315789474,1.36842105263158,4.21052631578947,8.8421052631579,5,28.1894736842105
"257","Mario Chalmers",0.17741935483871,2.41935483870968,1.19354838709677,1.7741935483871,3.03225806451613,7.66129032258065,20,28.1741935483871
"258","Doug McDermott",0.171052631578947,2.5,0.25,0.684210526315789,0.986842105263158,7.80263157894737,29,27.9144736842105
"259","Jonas Jerebko",0.161764705882353,3.44117647058824,0.338235294117647,0.352941176470588,0.588235294117647,5.61764705882353,40,27.8985294117647
"260","Tyson Chandler",0.58695652173913,9.08695652173913,0.347826086956522,1.28260869565217,1.15217391304348,6.52173913043478,15,27.8608695652174
"261","Luke Kennard",0.166666666666667,2.24242424242424,0.606060606060606,0.924242424242424,1.59090909090909,7.10606060606061,30,27.8151515151515
"262","Jodie Meeks",0.0563380281690141,1.64788732394366,0.394366197183099,0.507042253521127,0.943661971830986,6.32394366197183,40,27.7830985915493
"263","Terrence Ross",0.454545454545455,3.18181818181818,1.22727272727273,1.13636363636364,1.59090909090909,9,9,27.7045454545455
"264","Amir Johnson",0.626865671641791,4.25373134328358,0.611940298507463,0.776119402985075,1.40298507462687,4.3134328358209,40,27.6671641791045
"265","Marquese Chriss",0.985507246376812,5.30434782608696,0.72463768115942,1.43478260869565,1.15942028985507,7.31884057971014,18,27.663768115942
"266","Jarell Martin",0.690140845070423,4.36619718309859,0.549295774647887,1.15492957746479,1,7.6056338028169,21,27.6450704225352
"267","Josh Hart",0.232142857142857,3.91071428571429,0.696428571428571,0.642857142857143,1.16071428571429,6.73214285714286,25,27.3303571428571
"268","Frank Mason",0.1875,2.54166666666667,0.708333333333333,1.27083333333333,2.91666666666667,8.1875,15,27.2083333333333
"269","Tyler Ulis",0.0909090909090909,1.71212121212121,0.954545454545455,1.6969696969697,4.10606060606061,7.33333333333333,18,26.9560606060606
"270","Ian Mahinmi",0.541666666666667,4.05555555555556,0.5,1.30555555555556,0.694444444444444,4.94444444444444,40,26.9027777777778
"271","Tristan Thompson",0.382978723404255,6.87234042553191,0.340425531914894,0.723404255319149,0.595744680851064,6.04255319148936,23,26.8702127659574
"272","Isaiah Canaan",0.05,2.25,0.8,1.45,3.8,8.6,9,26.86
"273","James Ennis",0.272727272727273,3.3030303030303,0.681818181818182,0.818181818181818,1.01515151515152,7.27272727272727,22,26.5257575757576
"274","Troy Daniels",0.0657894736842105,1.65789473684211,0.315789473684211,0.697368421052632,0.618421052631579,9.18421052631579,19,26.4236842105263
"275","Thon Maker",0.732394366197183,3.12676056338028,0.549295774647887,0.591549295774648,0.647887323943662,4.90140845070423,38,26.3929577464789
"276","Royce O'Neale",0.238095238095238,3.23809523809524,0.555555555555556,0.793650793650794,1.34920634920635,4.77777777777778,38,26.3761904761905
"277","Dante Cunningham",0.358208955223881,3.98507462686567,0.537313432835821,0.462686567164179,0.626865671641791,5.58208955223881,31,26.2402985074627
"278","Shelvin Mack",0.129032258064516,2.35483870967742,0.806451612903226,1.29032258064516,3.7258064516129,6.7258064516129,18,26.1129032258064
"279","Quinn Cook",0.0384615384615385,2.15384615384615,0.269230769230769,0.923076923076923,2.19230769230769,8.30769230769231,17,26.05
"280","André Roberson",0.897435897435897,4.74358974358974,1.17948717948718,0.769230769230769,1.17948717948718,4.97435897435897,24,25.9948717948718
"281","JaVale McGee",0.949152542372881,2.52542372881356,0.322033898305085,0.389830508474576,0.525423728813559,4.59322033898305,41,25.864406779661
"282","Tyler Zeller",0.55,4.5,0.25,0.75,0.716666666666667,6.5,24,25.785
"283","Jerryd Bayless",0.15,2,0.575,1.15,1.35,7.675,22,25.6625
"284","Patrick Patterson",0.285714285714286,2.38961038961039,0.584415584415584,0.428571428571429,0.675324675324675,3.90909090909091,44,25.3337662337662
"285","Cody Zeller",0.636363636363636,5.3030303030303,0.424242424242424,1,0.939393939393939,7.06060606060606,14,25.1636363636364
"286","Kevon Looney",0.783333333333333,3.08333333333333,0.483333333333333,0.466666666666667,0.633333333333333,3.68333333333333,42,25.145
"287","Richaun Holmes",0.51219512195122,4.29268292682927,0.365853658536585,0.536585365853659,1.19512195121951,5.90243902439024,23,25.1414634146341
"288","Frank Ntilikina",0.191780821917808,2.17808219178082,0.821917808219178,1.65753424657534,3.08219178082192,5.65753424657534,26,25.0849315068493
"289","Zach Collins",0.483333333333333,3.31666666666667,0.266666666666667,0.883333333333333,0.8,4.48333333333333,39,24.98
"290","Al Jefferson",0.676470588235294,3.94117647058824,0.470588235294118,0.588235294117647,0.852941176470588,6.88235294117647,17,24.8823529411765
"291","Bismack Biyombo",1.18666666666667,5.69333333333333,0.24,1.05333333333333,0.773333333333333,5.52,22,24.736
"292","Mike Muscala",0.51063829787234,4.1063829787234,0.617021276595745,0.765957446808511,0.872340425531915,7.53191489361702,11,24.5276595744681
"293","Chandler Parsons",0.305555555555556,2.5,0.5,0.972222222222222,1.91666666666667,7.88888888888889,12,24.4666666666667
"294","Wayne Selden",0.117647058823529,1.58823529411765,0.529411764705882,1.5,1.85294117647059,9.05882352941176,10,24.4647058823529
"295","Derrick Rose",0.19047619047619,1.57142857142857,0.238095238095238,1.52380952380952,1.61904761904762,9.04761904761905,12,24.1190476190476
"296","Patrick McCaw",0.178571428571429,1.44642857142857,0.732142857142857,0.732142857142857,1.44642857142857,3.96428571428571,40,24.0946428571429
"297","Álex Abrines",0.112676056338028,1.49295774647887,0.507042253521127,0.352112676056338,0.380281690140845,4.69014084507042,39,23.8859154929577
"298","Jordan Crawford",0.5,1,0,1.5,5,9,0,23.7
"299","Noah Vonleh",0.326923076923077,5.88461538461539,0.346153846153846,0.538461538461538,0.634615384615385,4.98076923076923,22,23.6846153846154
"300","Langston Galloway",0.0925925925925926,1.53703703703704,0.574074074074074,0.314814814814815,0.981481481481482,6.01851851851852,26,23.587037037037
"301","Jameer Nelson",0.08,2.06,0.54,1.36,3.58,4.94,25,23.426
"302","Shane Larkin",0.04,1.52,0.52,0.58,1.52,4.22,37,23.424
"303","Dragan Bender",0.623376623376623,4.02597402597403,0.285714285714286,1.37662337662338,1.61038961038961,6.05194805194805,19,23.3909090909091
"304","Justin Jackson",0.17741935483871,2.70967741935484,0.419354838709677,0.564516129032258,1.03225806451613,6.69354838709677,18,23.2
"305","Corey Brewer",0.208955223880597,1.98507462686567,0.970149253731343,0.701492537313433,0.895522388059702,5.02985074626866,28,23.1179104477612
"306","Marreese Speights",0.44,2.58,0.12,0.74,0.74,7.76,14,23.016
"307","Malcolm Delaney",0.111111111111111,1.85185185185185,0.666666666666667,1.22222222222222,3.01851851851852,6.25925925925926,16,22.9703703703704
"308","Quincy Acy",0.380952380952381,3.77777777777778,0.476190476190476,0.920634920634921,0.825396825396825,5.58730158730159,22,22.9142857142857
"309","Michael Carter-Williams",0.442307692307692,2.65384615384615,0.865384615384615,1.03846153846154,2.23076923076923,4.59615384615385,23,22.6096153846154
"310","Timothé Luwawu-Cabarrot",0.0961538461538462,1.38461538461538,0.230769230769231,0.730769230769231,1.03846153846154,5.75,29,22.5807692307692
"311","Kenneth Faried",0.40625,4.8125,0.375,0.71875,0.5625,5.875,16,22.44375
"312","Dante Exum",0.125,1.625,0.5,1.25,2.5,8.25,5,22.4
"313","Justin Anderson",0.181818181818182,2.36363636363636,0.393939393939394,0.424242424242424,0.696969696969697,6,22,22.3787878787879
"314","Markelle Fultz",0.285714285714286,2.71428571428571,0.714285714285714,0.714285714285714,3.14285714285714,6.71428571428571,4,22.1857142857143
"315","Tarik Black",0.565217391304348,3.06521739130435,0.434782608695652,0.695652173913043,0.260869565217391,3.47826086956522,37,22.1652173913043
"316","Sam Dekker",0.130434782608696,2.27536231884058,0.333333333333333,0.463768115942029,0.492753623188406,4,36,22.0072463768116
"317","Tim Frazier",0.148148148148148,1.98148148148148,0.796296296296296,1.03703703703704,3.40740740740741,3.09259259259259,30,21.9907407407407
"318","Cheick Diallo",0.41304347826087,4.04347826086957,0.217391304347826,0.456521739130435,0.347826086956522,4.95652173913043,24,21.9391304347826
"319","Jawun Evans",0.125,1.75,0.791666666666667,0.9375,2.08333333333333,4.8125,24,21.8958333333333
"320","Isaiah Taylor",0.163934426229508,1.34426229508197,0.508196721311475,1.16393442622951,2.86885245901639,6.32786885245902,15,21.8786885245902
"321","Dwight Buycks",0.0689655172413793,1.41379310344828,0.655172413793103,1.3448275862069,2.03448275862069,7.41379310344828,10,21.6448275862069
"322","Jose Calderon",0.0188679245283019,1.39622641509434,0.471698113207547,0.735849056603774,2.07547169811321,4.24528301886792,30,21.5981132075472
"323","Sindarius Thornwell",0.358208955223881,1.85074626865672,0.626865671641791,0.656716417910448,0.761194029850746,3.62686567164179,35,21.5298507462687
"324","Semi Ojeleye",0.0303030303030303,2.01515151515152,0.287878787878788,0.303030303030303,0.272727272727273,2.37878787878788,47,21.5287878787879
"325","Vince Carter",0.5,2.40384615384615,0.788461538461538,0.615384615384615,1.17307692307692,5.46153846153846,17,21.4096153846154
"326","Channing Frye",0.25531914893617,2.42553191489362,0.340425531914894,0.382978723404255,0.638297872340426,4.65957446808511,27,21.1893617021277
"327","Ekpe Udoh",1.24137931034483,2.46551724137931,0.706896551724138,0.344827586206897,0.879310344827586,2.70689655172414,32,20.9879310344828
"328","Treveon Graham",0.032258064516129,1.95161290322581,0.532258064516129,0.435483870967742,0.903225806451613,4.40322580645161,28,20.9758064516129
"329","C.J. Williams",0.40625,1.4375,0.875,0.59375,1,5.84375,16,20.83125
"330","Maxi Kleber",0.636363636363636,3.04545454545455,0.378787878787879,0.393939393939394,0.681818181818182,5.07575757575758,19,20.75
"331","Joffrey Lauvergne",0.0588235294117647,3.27450980392157,0.176470588235294,0.647058823529412,0.745098039215686,4.37254901960784,27,20.7019607843137
"332","Matthew Dellavedova",0.027027027027027,1.72972972972973,0.351351351351351,1.2972972972973,3.83783783783784,4.37837837837838,21,20.6702702702703
"333","Deyonta Davis",0.607142857142857,3.78571428571429,0.214285714285714,0.5,0.625,5.51785714285714,15,20.5714285714286
"334","Josh Huestis",0.651515151515151,2.43939393939394,0.227272727272727,0.393939393939394,0.303030303030303,2.34848484848485,41,20.5015151515152
"335","Jonathan Isaac",1.11538461538462,3.65384615384615,1.23076923076923,1,0.653846153846154,5,11,20.4846153846154
"336","Raulzinho Neto",0.102564102564103,1.20512820512821,0.282051282051282,0.82051282051282,1.84615384615385,4.58974358974359,27,20.4666666666667
"337","Malik Monk",0.087719298245614,1.07017543859649,0.280701754385965,0.578947368421053,1.19298245614035,5.29824561403509,24,20.3368421052632
"338","Emeka Okafor",1.13636363636364,4.90909090909091,0.318181818181818,0.409090909090909,0.272727272727273,4.86363636363636,13,20.2409090909091
"339","Antonio Blakeney",0.0526315789473684,1.73684210526316,0.368421052631579,0.578947368421053,1.05263157894737,8,3,20.1052631578947
"340","Josh Gray",0.4,2,1.6,1.4,2.4,6.4,0,20.08
"341","Sterling Brown",0.224489795918367,2.69387755102041,0.63265306122449,0.469387755102041,0.428571428571429,4.22448979591837,24,19.9734693877551
"342","Boban Marjanović",0.323529411764706,3.20588235294118,0.264705882352941,0.882352941176471,0.558823529411765,5.44117647058824,17,19.7323529411765
"343","Tyler Dorsey",0.08,2.24,0.24,0.62,1.4,6.12,12,19.648
"344","Ben McLemore",0.28,2.3,0.68,1.08,0.88,6.94,6,19.584
"345","Troy Williams",0.2,2.95,0.95,0.85,0.7,6.1,7,19.455
"346","Nerlens Noel",0.724137931034483,5.55172413793103,1.03448275862069,0.793103448275862,0.620689655172414,4.51724137931035,6,19.2827586206897
"347","Salah Mejri",1.13793103448276,4.1551724137931,0.379310344827586,0.655172413793103,0.568965517241379,3.60344827586207,20,19.2689655172414
"348","Jamil Wilson",0.533333333333333,2.13333333333333,0.266666666666667,0.533333333333333,0.666666666666667,7,6,19.24
"349","Cedi Osman",0.0545454545454545,1.89090909090909,0.327272727272727,0.490909090909091,0.490909090909091,3.61818181818182,31,19.2345454545455
"350","Mirza Teletović",0.1,2.3,0.4,0.7,1,7.1,4,19.08
"351","Brandon Jennings",0.4,2.1,0.5,1.2,3.3,5.5,6,18.97
"352","Willie Reed",0.523809523809524,2.9047619047619,0.214285714285714,0.452380952380952,0.238095238095238,4.64285714285714,20,18.95
"353","Torrey Craig",0.242424242424242,3.3030303030303,0.272727272727273,0.393939393939394,0.636363636363636,4.66666666666667,17,18.8969696969697
"354","Brandan Wright",0.928571428571429,3.39285714285714,0.464285714285714,0.285714285714286,0.464285714285714,4.96428571428571,11,18.8321428571429
"355","Lucas Nogueira",0.933333333333333,1.84444444444444,0.444444444444444,0.333333333333333,0.4,2.48888888888889,33,18.7577777777778
"356","Lance Thomas",0.205882352941176,2.35294117647059,0.411764705882353,0.588235294117647,0.617647058823529,3.97058823529412,24,18.6823529411765
"357","Shabazz Muhammad",0.075,1.625,0.225,0.15,0.35,4.625,23,18.6075
"358","Miles Plumlee",0.591836734693878,4.12244897959184,0.326530612244898,1.24489795918367,0.816326530612245,4.38775510204082,16,18.5265306122449
"359","Terrance Ferguson",0.169491525423729,0.728813559322034,0.406779661016949,0.186440677966102,0.288135593220339,2.94915254237288,35,18.3542372881356
"360","Ramon Sessions",0.0833333333333333,1.54166666666667,0.583333333333333,1.29166666666667,2.95833333333333,5.45833333333333,8,18.2833333333333
"361","Cristiano Felício",0.224489795918367,3.79591836734694,0.183673469387755,0.897959183673469,0.959183673469388,5.22448979591837,11,18.265306122449
"362","Eric Moreland",0.7,3.81666666666667,0.4,0.566666666666667,1.1,1.8,28,18.0766666666667
"363","Shaquille Harrison",0.333333333333333,2.61111111111111,1.05555555555556,0.777777777777778,1.66666666666667,5.66666666666667,1,18.0722222222222
"364","Malik Beasley",0.116666666666667,1.18333333333333,0.25,0.4,0.516666666666667,3.18333333333333,32,17.9816666666667
"365","Joseph Young",0.02,1.22,0.28,0.5,0.72,3.84,27,17.928
"366","Sean Kilpatrick",0.0434782608695652,1.5,0.195652173913043,0.630434782608696,0.760869565217391,4.80434782608696,20,17.7586956521739
"367","Willy Hernangómez",0.333333333333333,2.97619047619048,0.30952380952381,0.761904761904762,0.642857142857143,4.23809523809524,18,17.7547619047619
"368","Jason Terry",0.266666666666667,1,0.777777777777778,0.533333333333333,1.2,3.31111111111111,24,17.6777777777778
"369","Xavier Rathan-Mayes",0.6,1,1.2,2.2,3.6,5.8,0,17.64
"370","Luke Babbitt",0.145833333333333,1.91666666666667,0.1875,0.395833333333333,0.604166666666667,5.33333333333333,14,17.6104166666667
"371","Dwayne Bacon",0.0384615384615385,2.38461538461538,0.307692307692308,0.403846153846154,0.692307692307692,3.28846153846154,25,17.5538461538462
"372","Jahlil Okafor",0.62962962962963,2.96296296296296,0.111111111111111,0.777777777777778,0.444444444444444,5.96296296296296,7,17.4740740740741
"373","Abdel Nader",0.195121951219512,1.39024390243902,0.317073170731707,0.707317073170732,0.536585365853659,3.1219512195122,30,17.3536585365854
"374","Brandon Paul",0.116666666666667,1.11666666666667,0.416666666666667,0.5,0.616666666666667,2.25,35,17.3316666666667
"375","Luke Kornet",0.785714285714286,3,0.285714285714286,0.214285714285714,1,5.35714285714286,4,17.3
"376","Johnny O'Bryant",0.166666666666667,2.61111111111111,0.222222222222222,0.416666666666667,0.388888888888889,4.75,15,17.2555555555556
"377","Tyler Cavanaugh",0.105263157894737,3.23684210526316,0.236842105263158,0.368421052631579,0.710526315789474,4.68421052631579,11,16.9657894736842
"378","Myke Henry",0.333333333333333,1.66666666666667,1.4,0.933333333333333,1.06666666666667,5.4,2,16.78
"379","Paul Zipser",0.259259259259259,2.42592592592593,0.37037037037037,0.796296296296296,0.851851851851852,4.03703703703704,17,16.7777777777778
"380","DeAndre Liggins",0.259259259259259,1.38888888888889,0.685185185185185,0.388888888888889,0.833333333333333,1.87037037037037,30,16.4981481481481
"381","Jon Leuer",0.375,4,0.125,1,0.625,5.375,5,16.4625
"382","Iman Shumpert",0.357142857142857,2.92857142857143,0.642857142857143,1.14285714285714,1.21428571428571,4.42857142857143,9,16.4071428571429
"383","T.J. Leaf",0.08,1.54,0.1,0.2,0.16,2.8,30,16.402
"384","Jordan Mickey",0.454545454545455,3.59090909090909,0.272727272727273,0.772727272727273,0.409090909090909,3.95454545454545,14,16.3454545454545
"385","Tyler Ennis",0.127659574468085,1.42553191489362,0.404255319148936,0.51063829787234,1.59574468085106,3.27659574468085,20,16.3382978723404
"386","Rodney McGruder",0.142857142857143,1.78571428571429,0.5,0.214285714285714,0.785714285714286,4.92857142857143,9,16.3214285714286
"387","Kobi Simmons",0.192307692307692,1.57692307692308,0.653846153846154,1.11538461538462,1.80769230769231,5.26923076923077,5,16.1423076923077
"388","Tony Allen",0.136363636363636,2.13636363636364,0.5,0.863636363636364,0.409090909090909,4.68181818181818,12,15.8409090909091
"389","Isaiah Whitehead",0.125,1.625,0.5,1.5,1.25,6.25,2,15.7
"390","Alan Williams",0.333333333333333,5,1,1.66666666666667,1.66666666666667,4,0,15.6333333333333
"391","DeAndre’ Bembry",0.476190476190476,2.66666666666667,0.619047619047619,1.80952380952381,1.47619047619048,4.90476190476191,5,15.4761904761905
"392","Travis Wear",0.307692307692308,2.30769230769231,0.230769230769231,0.307692307692308,0.307692307692308,5.23076923076923,6,15.4076923076923
"393","Wesley Iwundu",0.163636363636364,2.14545454545455,0.527272727272727,0.436363636363636,0.872727272727273,3.34545454545455,15,15.2363636363636
"394","Ante Žižić",0.428571428571429,1.89285714285714,0.0357142857142857,0.357142857142857,0.178571428571429,3.46428571428571,18,14.5178571428571
"395","Khem Birch",0.382352941176471,3.76470588235294,0.323529411764706,0.558823529411765,0.647058823529412,3.23529411764706,10,14.4676470588235
"396","Ivan Rabb",0.233333333333333,3.4,0.266666666666667,0.9,0.766666666666667,4.43333333333333,5,14.4533333333333
"397","Ivica Zubac",0.222222222222222,2.25,0.138888888888889,0.555555555555556,0.361111111111111,3.38888888888889,17,14.4361111111111
"398","Jameel Warney",0,3,0,0.333333333333333,0,5.66666666666667,1,14.2333333333333
"399","Alex Caruso",0.266666666666667,1.4,0.6,0.933333333333333,1.9,2.9,14,14.2066666666667
"400","Aaron Harrison",0.5,2.25,0.5,0.25,1,4.5,1,14.1
"401","JaKarr Sampson",0.823529411764706,3.23529411764706,0.411764705882353,0.352941176470588,0.470588235294118,4,3,14.0470588235294
"402","Timofey Mozgov",0.392857142857143,3.10714285714286,0.178571428571429,1.10714285714286,0.285714285714286,4.03571428571429,10,13.9964285714286
"403","Rodney Purvis",0.222222222222222,1.11111111111111,0.333333333333333,0.666666666666667,0.555555555555556,5.66666666666667,2,13.9
"404","Meyers Leonard",0,1.96428571428571,0.178571428571429,0.25,0.464285714285714,3.17857142857143,16,13.7892857142857
"405","Nik Stauskas",0.0857142857142857,1.48571428571429,0.228571428571429,0.6,0.828571428571429,4.05714285714286,11,13.7857142857143
"406","Solomon Hill",0,1.83333333333333,0.333333333333333,0.166666666666667,2.33333333333333,3.83333333333333,3,13.7666666666667
"407","Jaylen Morris",0.166666666666667,2.66666666666667,0.333333333333333,1,1.16666666666667,4.66666666666667,2,13.7333333333333
"408","Juan Hernangómez",0.130434782608696,2.30434782608696,0.260869565217391,0.347826086956522,0.434782608695652,3.30434782608696,13,13.6478260869565
"409","Jack Cooley",0,2,0,0,1,5,1,13.5
"410","Glenn Robinson",0.0588235294117647,1.47058823529412,0.647058823529412,0.117647058823529,0.705882352941177,3.23529411764706,11,13.4941176470588
"411","Danuel House",0.111111111111111,2.5,0.333333333333333,0.333333333333333,0.444444444444444,4.38888888888889,4,13.4888888888889
"412","Wade Baldwin",0,1.66666666666667,0,0.333333333333333,0.666666666666667,5.33333333333333,2,13.3333333333333
"413","Kyle Collinsworth",0.222222222222222,3.07407407407407,0.555555555555556,0.666666666666667,1.40740740740741,2.66666666666667,8,13.1962962962963
"414","Dorian Finney-Smith",0.1875,2.8125,0.375,0.9375,0.9375,4.0625,4,13.1875
"415","Jason Smith",0.366666666666667,1.6,0.1,0.5,0.466666666666667,3.36666666666667,14,13.09
"416","Ron Baker",0.206896551724138,1.03448275862069,0.896551724137931,0.620689655172414,1.62068965517241,2.44827586206897,12,13
"417","Briante Weber",0.277777777777778,1.94444444444444,1,0.833333333333333,1.22222222222222,2.77777777777778,8,12.9444444444444
"418","Andrew White",0.0714285714285714,2.28571428571429,0.214285714285714,0.5,0.357142857142857,4.92857142857143,1,12.8357142857143
"419","Arron Afflalo",0.18,1.32,0.08,0.42,0.58,3.34,14,12.756
"420","Monte Morris",0,0.666666666666667,1,0.333333333333333,2.33333333333333,3.33333333333333,2,12.6333333333333
"421","Henry Ellenson",0,1.70967741935484,0.0967741935483871,0.419354838709677,0.419354838709677,2.64516129032258,17,12.3225806451613
"422","Marquis Teague",0,2,1,0,5,1,0,12.3
"423","Marcus Paige",0,1.5,0,0,1,4.5,2,12.3
"424","Jared Dudley",0.195652173913043,1.82608695652174,0.478260869565217,0.565217391304348,1.60869565217391,2.95652173913043,6,12.0869565217391
"425","Guerschon Yabusele",0.0689655172413793,1.37931034482759,0.0689655172413793,0.379310344827586,0.482758620689655,1.86206896551724,22,12.0551724137931
"426","Johnathan Motley",0.285714285714286,2.57142857142857,0,0.428571428571429,0.285714285714286,4.42857142857143,1,11.8428571428571
"427","Malachi Richardson",0.0384615384615385,1.30769230769231,0.384615384615385,0.384615384615385,0.5,3.42307692307692,8,11.6153846153846
"428","Dakari Johnson",0.275862068965517,1.17241379310345,0.206896551724138,0.137931034482759,0.275862068965517,1.89655172413793,19,11.5827586206897
"429","Derrick Jones",0.722222222222222,1.88888888888889,0.222222222222222,0.333333333333333,0.388888888888889,2.83333333333333,8,11.2555555555556
"430","Bobby Brown",0,0.35,0.2,0.45,0.55,2.5,17,11.03
"431","Aaron Brooks",0,0.5,0.2,0.3,0.6,2.1,18,10.92
"432","Derrick White",0.176470588235294,1.52941176470588,0.235294117647059,0.352941176470588,0.529411764705882,3.17647058823529,7,10.9117647058824
"433","Darrell Arthur",0.157894736842105,0.789473684210526,0.421052631578947,0.789473684210526,0.473684210526316,2.84210526315789,12,10.8210526315789
"434","Malcolm Miller",0.133333333333333,1.06666666666667,0.0666666666666667,0.333333333333333,0.2,2.53333333333333,15,10.76
"435","Damyean Dotson",0.0263157894736842,1.39473684210526,0.184210526315789,0.315789473684211,0.578947368421053,2.94736842105263,9,10.7552631578947
"436","Caleb Swanigan",0.136363636363636,1.81818181818182,0.227272727272727,0.590909090909091,0.545454545454545,2.04545454545455,14,10.7136363636364
"437","Kay Felder",0.0666666666666667,1,0.2,1.06666666666667,1.33333333333333,3.66666666666667,5,10.68
"438","Adreian Payne",0,1.8,0.4,0.4,0,4.2,0,10.64
"439","Marcus Georges-Hunt",0,0.4,0.15,0.075,0.175,1.4,23,10.565
"440","Josh Magette",0,1,0.4375,0.4375,3.125,2.25,2,10.33125
"441","Rashad Vaughn",0.107142857142857,0.785714285714286,0.142857142857143,0.214285714285714,0.464285714285714,2.28571428571429,13,9.99285714285714
"442","Okaro White",0.166666666666667,1.83333333333333,0.166666666666667,0.166666666666667,0.333333333333333,3.33333333333333,2,9.85
"443","Chris McCullough",0.263157894736842,1.31578947368421,0,0.105263157894737,0.210526315789474,2.42105263157895,11,9.84736842105263
"444","Isaiah Hicks",0.166666666666667,2.25,0.166666666666667,0.833333333333333,0.5,3.33333333333333,2,9.66666666666667
"445","Gary Payton II",0.157894736842105,1.21052631578947,0.157894736842105,0.157894736842105,0.684210526315789,2.10526315789474,9,9.27368421052632
"446","John Holland",0.0952380952380952,0.904761904761905,0.285714285714286,0.238095238095238,0.19047619047619,1.57142857142857,15,9.24285714285714
"447","Derrick Walton",0.2,1.06666666666667,0.4,0.133333333333333,1,1.93333333333333,7,9.19333333333333
"448","Andrew Bogut",0.541666666666667,3.25,0.166666666666667,0.791666666666667,0.625,1.5,7,9.075
"449","Jake Layman",0.125,0.4375,0.1875,0.15625,0.3125,0.9375,20,9.05625
"450","Jalen Jones",0,1.84615384615385,0.153846153846154,0.230769230769231,0.153846153846154,3,3,9.00769230769231
"451","Davon Reed",0.117647058823529,1.82352941176471,0.529411764705882,0.411764705882353,0.529411764705882,2.82352941176471,0,8.94705882352941
"452","Walter Lemon",0.2,0.4,0,0.8,1,3.4,4,8.84
"453","Milton Doyle",0.166666666666667,1.5,0.333333333333333,0.333333333333333,0.666666666666667,3,0,8.83333333333333
"454","Bruno Caboclo",0.333333333333333,1.77777777777778,0.333333333333333,0.222222222222222,0.555555555555556,2.11111111111111,4,8.7
"455","Daniel Hamilton",0,1,0.2,0.4,1.4,2.4,4,8.66
"456","Brice Johnson",0.333333333333333,1.72222222222222,0.5,0.277777777777778,0.111111111111111,2.38888888888889,2,8.38333333333333
"457","Jamel Artis",0.111111111111111,1.77777777777778,0,0.111111111111111,1.22222222222222,2.33333333333333,1,8.18888888888889
"458","Georgios Papagiannis",0.375,2.25,0.125,0.5,0.5625,2.125,3,8.1375
"459","Lorenzo Brown",0,0.692307692307692,0.384615384615385,0.153846153846154,0.923076923076923,1.61538461538462,8,8.13076923076923
"460","Mangok Mathiang",0,2.5,0.25,0,0,2,3,7.975
"461","Nick Collison",0,1.46153846153846,0,0.538461538461538,0.307692307692308,2.30769230769231,7,7.9
"462","Damien Wilkins",0.0526315789473684,0.789473684210526,0.105263157894737,0.263157894736842,0.473684210526316,1.73684210526316,10,7.81052631578947
"463","Richard Jefferson",0.05,0.85,0.1,0.25,0.75,1.5,10,7.73
"464","Zhou Qi",0.4375,1.125,0.125,0.4375,0.0625,1.1875,13,7.675
"465","Quincy Pondexter",0.0869565217391304,1.17391304347826,0.347826086956522,0.478260869565217,0.391304347826087,1.95652173913043,6,7.6695652173913
"466","Gian Clavell",0,1,0.285714285714286,0.285714285714286,0.428571428571429,2.85714285714286,0,7.54285714285714
"467","James Young",0,0.333333333333333,0,0.166666666666667,0.333333333333333,2.83333333333333,4,7.4
"468","Omer Asik",0.142857142857143,2.64285714285714,0.0714285714285714,0.357142857142857,0.142857142857143,1.28571428571429,7,7.36428571428571
"469","Marshall Plumlee",0.125,2.125,0,0.375,0.25,1.75,5,7.1
"470","Demetrius Jackson",0.0714285714285714,0.857142857142857,0.357142857142857,0.785714285714286,0.571428571428571,1.14285714285714,11,7.07857142857143
"471","Alfonzo McKinnie",0.0769230769230769,0.461538461538462,0.0769230769230769,0.230769230769231,0.0769230769230769,1.46153846153846,12,7.05384615384615
"472","Ryan Arcidiacono",0,0.555555555555556,0.444444444444444,0.222222222222222,1,1.66666666666667,4,7.04444444444444
"473","Alec Peters",0.133333333333333,1.66666666666667,0.0666666666666667,0.0666666666666667,0.666666666666667,2.13333333333333,0,6.94
"474","Matt Costello",0.5,2.25,0.5,0.25,0.5,1,2,6.8
"475","Joakim Noah",0.285714285714286,2,0.285714285714286,0.571428571428571,0.571428571428571,1.71428571428571,1,6.67142857142857
"476","Furkan Korkmaz",0.1,0.9,0.1,0.2,0.3,1.5,7,6.45
"477","Luol Deng",0,0,1,1,1,2,0,6.3
"478","Larry Drew",0,0.333333333333333,0,0.333333333333333,0.888888888888889,1.88888888888889,5,6.27777777777778
"479","Kyle Singler",0,0.833333333333333,0.0833333333333333,0.25,0.166666666666667,1.91666666666667,5,6.25833333333333
"480","James Web III",0,2.44444444444444,0.111111111111111,0.333333333333333,0.444444444444444,1.55555555555556,1,6.24444444444444
"481","James Michael McAdoo",0.333333333333333,0.666666666666667,0,0.333333333333333,0,2.66666666666667,1,6.23333333333333
"482","Alex Poythress",0.0416666666666667,0.708333333333333,0.125,0.0833333333333333,0.0833333333333333,1.08333333333333,10,6.20416666666667
"483","Darrun Hilliard",0,0.5,0.142857142857143,0.285714285714286,0.785714285714286,1.14285714285714,8,6.11428571428571
"484","Nazareth Mitrou-Long",0,0,0,0,0,3,0,6
"485","Joel Bolomboy",0,1.66666666666667,0.333333333333333,0.333333333333333,0,1.5,3,5.93333333333333
"486","Cole Aldrich",0.0526315789473684,0.684210526315789,0.105263157894737,0.0526315789473684,0.105263157894737,0.631578947368421,12,5.90526315789474
"487","D.J. Wilson",0.0476190476190476,0.428571428571429,0.0952380952380952,0.19047619047619,0.142857142857143,0.904761904761905,11,5.74761904761905
"488","Nigel Hayes",0,0,0,0.25,0.5,2.25,3,5.7
"489","Julyan Stone",0.0588235294117647,1.17647058823529,0.117647058823529,0.235294117647059,0.764705882352941,0.411764705882353,8,5.36470588235294
"490","Ike Anigbogu",0.3,0.9,0.1,0.2,0,1.3,5,5.29
"491","Georges Niang",0,0.5,0.333333333333333,0.333333333333333,0.5,1,6,5.26666666666667
"492","Antonius Cleveland",0.307692307692308,0.769230769230769,0.461538461538462,0.153846153846154,0.153846153846154,0.769230769230769,5,5.17692307692308
"493","Gordon Hayward",0,1,0,0,0,2,0,5
"494","Markel Brown",0,1.25,0,0.5,0.5,1.25,4,4.95
"495","Tony Bradley",0,1.22222222222222,0,0,0.111111111111111,0.888888888888889,6,4.93333333333333
"496","Jeff Withey",0.3,1,0,0.2,0,1.5,2,4.66
"497","Udonis Haslem",0.153846153846154,0.692307692307692,0,0.153846153846154,0.384615384615385,0.538461538461538,8,4.6
"498","Thomas Bryant",0,0.545454545454545,0,0.0909090909090909,0.181818181818182,1,6,4.45454545454546
"499","Jacob Wiley",0,1.83333333333333,0.166666666666667,0,0.333333333333333,0.666666666666667,1,4.25
"500","Jabari Bird",0,0.571428571428571,0.142857142857143,0.142857142857143,0.142857142857143,0.714285714285714,5,3.82857142857143
"501","Vince Hunter",0.25,0.75,0,0.25,0,1.5,0,3.7
"502","Reggie Hearn",0,0,0,0,0,1.5,2,3.6
"503","Matt Williams",0,0.333333333333333,0,0.333333333333333,0,1.66666666666667,1,3.56666666666667
"504","Damian Jones",0.125,0.75,0,0.25,0,1,3,3.475
"505","Charles Cooke",0,0.181818181818182,0.0909090909090909,0.0909090909090909,0.0909090909090909,0.545454545454545,6,3.28181818181818
"506","Kadeem Allen",0,0.363636363636364,0.0909090909090909,0.272727272727273,0.181818181818182,0.454545454545455,6,3.17272727272727
"507","London Perrantes",0,0.166666666666667,0,0.0833333333333333,0.416666666666667,0.25,7,3.16666666666667
"508","David Stockton",0,0,0,1,0,2,1,3.1
"509","Derrick Williams",0,0.5,0,0,0,1,1,2.8
"510","Josh Smith",0,0.666666666666667,0,0,0,0.666666666666667,2,2.6
"511","Xavier Munford",0,0.166666666666667,0.166666666666667,0.333333333333333,0.666666666666667,0.5,2,2.55
"512","Nate Wolters",0,0.4,0,0,0.2,0.4,3,2.34
"513","R.J. Hunter",0,0.25,0.25,0,0.5,0,3,2.325
"514","P.J. Dozier",0,0.5,0,0.5,0,1,1,2.2
"515","Vander Blue",0,0.2,0.2,0.6,0.6,0.6,1,2.16
"516","Scotty Hopson",0,0,0,1,1,1,0,2
"517","Erik McCree",0,0.25,0.25,0.25,0,0,4,1.725
"518","Jacob Pullen",0,0,0,0.333333333333333,0,0.666666666666667,2,1.53333333333333
"519","Ben Moore",0,0.5,0,0,0.5,0,1,1.4
"520","Jarell Eddie",0,0.333333333333333,0.333333333333333,0,0,0,1,1.4
"521","Chris Boucher",0,1,0,0,0,0,1,1.3
"522","Nicolas Brussino",0,0.75,0,0,0,0,0,0.75
"523","Josh McRoberts",0,0,0,0,0,0,2,0.6
"524","Trey McKinney-Jones",0,0,0,0,0,0,1,0.3
"525","Tyler Lydon",0,0,0,0,0,0,1,0.3
"526","Luis Montero",0,1,0,1,0,0,1,0.1
"527","Mindaugas Kuzminskas",0,0,0,0,0,0,0,0
